Antwort,von,172.20.0.254:,Bytes=32,6,TTL=255
Antwort,von,172.20.0.254:,Bytes=32,3,TTL=255
Antwort,von,172.20.0.254:,Bytes=32,3,TTL=255
Antwort,von,172.20.0.254:,Bytes=32,3,TTL=255
Antwort,von,172.20.0.254:,Bytes=32,2,TTL=255
Antwort,von,172.20.0.254:,Bytes=32,3,TTL=255
Antwort,von,172.20.0.254:,Bytes=32,3,TTL=255
Antwort,von,172.20.0.254:,Bytes=32,3,TTL=255
Antwort,von,172.20.0.254:,Bytes=32,3,TTL=255
Antwort,von,172.20.0.254:,Bytes=32,3,TTL=255
Antwort,von,172.20.0.254:,Bytes=32,3,TTL=255
Antwort,von,172.20.0.254:,Bytes=32,2,TTL=255
Antwort,von,172.20.0.254:,Bytes=32,3,TTL=255
Antwort,von,172.20.0.254:,Bytes=32,2,TTL=255
Antwort,von,172.20.0.254:,Bytes=32,2,TTL=255
Antwort,von,172.20.0.254:,Bytes=32,3,TTL=255
Antwort,von,172.20.0.254:,Bytes=32,2,TTL=255
Antwort,von,172.20.0.254:,Bytes=32,2,TTL=255
Antwort,von,172.20.0.254:,Bytes=32,4,TTL=255
Antwort,von,172.20.0.254:,Bytes=32,2,TTL=255
Antwort,von,172.20.0.254:,Bytes=32,3,TTL=255
Antwort,von,172.20.0.254:,Bytes=32,3,TTL=255
Antwort,von,172.20.0.254:,Bytes=32,2,TTL=255
Antwort,von,172.20.0.254:,Bytes=32,4,TTL=255
Antwort,von,172.20.0.254:,Bytes=32,3,TTL=255
Antwort,von,172.20.0.254:,Bytes=32,3,TTL=255
Antwort,von,172.20.0.254:,Bytes=32,4,TTL=255
Antwort,von,172.20.0.254:,Bytes=32,3,TTL=255
Antwort,von,172.20.0.254:,Bytes=32,3,TTL=255
Antwort,von,172.20.0.254:,Bytes=32,3,TTL=255
Antwort,von,172.20.0.254:,Bytes=32,3,TTL=255
Antwort,von,172.20.0.254:,Bytes=32,3,TTL=255
Antwort,von,172.20.0.254:,Bytes=32,3,TTL=255
Antwort,von,172.20.0.254:,Bytes=32,2,TTL=255
Antwort,von,172.20.0.254:,Bytes=32,5,TTL=255
Antwort,von,172.20.0.254:,Bytes=32,4,TTL=255
Antwort,von,172.20.0.254:,Bytes=32,4,TTL=255
Antwort,von,172.20.0.254:,Bytes=32,3,TTL=255
Antwort,von,172.20.0.254:,Bytes=32,3,TTL=255
Antwort,von,172.20.0.254:,Bytes=32,2,TTL=255
Antwort,von,172.20.0.254:,Bytes=32,3,TTL=255
Antwort,von,172.20.0.254:,Bytes=32,3,TTL=255
Antwort,von,172.20.0.254:,Bytes=32,4,TTL=255
Antwort,von,172.20.0.254:,Bytes=32,3,TTL=255
Antwort,von,172.20.0.254:,Bytes=32,3,TTL=255
Antwort,von,172.20.0.254:,Bytes=32,3,TTL=255
Antwort,von,172.20.0.254:,Bytes=32,3,TTL=255
Antwort,von,172.20.0.254:,Bytes=32,3,TTL=255
Antwort,von,172.20.0.254:,Bytes=32,3,TTL=255
Antwort,von,172.20.0.254:,Bytes=32,4,TTL=255
Antwort,von,172.20.0.254:,Bytes=32,3,TTL=255
Antwort,von,172.20.0.254:,Bytes=32,4,TTL=255
Antwort,von,172.20.0.254:,Bytes=32,6,TTL=255
Antwort,von,172.20.0.254:,Bytes=32,2,TTL=255
Antwort,von,172.20.0.254:,Bytes=32,3,TTL=255
Antwort,von,172.20.0.254:,Bytes=32,2,TTL=255
Antwort,von,172.20.0.254:,Bytes=32,3,TTL=255
Antwort,von,172.20.0.254:,Bytes=32,3,TTL=255
Antwort,von,172.20.0.254:,Bytes=32,3,TTL=255
Antwort,von,172.20.0.254:,Bytes=32,3,TTL=255
Antwort,von,172.20.0.254:,Bytes=32,2,TTL=255
Antwort,von,172.20.0.254:,Bytes=32,4,TTL=255
Antwort,von,172.20.0.254:,Bytes=32,3,TTL=255
Antwort,von,172.20.0.254:,Bytes=32,4,TTL=255
Antwort,von,172.20.0.254:,Bytes=32,3,TTL=255
Antwort,von,172.20.0.254:,Bytes=32,2,TTL=255
Antwort,von,172.20.0.254:,Bytes=32,2,TTL=255
Antwort,von,172.20.0.254:,Bytes=32,6,TTL=255
Antwort,von,172.20.0.254:,Bytes=32,3,TTL=255
Antwort,von,172.20.0.254:,Bytes=32,2,TTL=255
Antwort,von,172.20.0.254:,Bytes=32,3,TTL=255
Antwort,von,172.20.0.254:,Bytes=32,3,TTL=255
Antwort,von,172.20.0.254:,Bytes=32,4,TTL=255
Antwort,von,172.20.0.254:,Bytes=32,3,TTL=255
Antwort,von,172.20.0.254:,Bytes=32,3,TTL=255
Antwort,von,172.20.0.254:,Bytes=32,3,TTL=255
Antwort,von,172.20.0.254:,Bytes=32,2,TTL=255
Antwort,von,172.20.0.254:,Bytes=32,2,TTL=255
Antwort,von,172.20.0.254:,Bytes=32,4,TTL=255
Antwort,von,172.20.0.254:,Bytes=32,2,TTL=255
Antwort,von,172.20.0.254:,Bytes=32,8,TTL=255
Antwort,von,172.20.0.254:,Bytes=32,6,TTL=255
Antwort,von,172.20.0.254:,Bytes=32,3,TTL=255
Antwort,von,172.20.0.254:,Bytes=32,9,TTL=255
Antwort,von,172.20.0.254:,Bytes=32,9,TTL=255
Antwort,von,172.20.0.254:,Bytes=32,2,TTL=255
Antwort,von,172.20.0.254:,Bytes=32,3,TTL=255
Antwort,von,172.20.0.254:,Bytes=32,3,TTL=255
Antwort,von,172.20.0.254:,Bytes=32,3,TTL=255
Antwort,von,172.20.0.254:,Bytes=32,3,TTL=255
Antwort,von,172.20.0.254:,Bytes=32,3,TTL=255
Antwort,von,172.20.0.254:,Bytes=32,3,TTL=255
Antwort,von,172.20.0.254:,Bytes=32,4,TTL=255
Antwort,von,172.20.0.254:,Bytes=32,4,TTL=255
Antwort,von,172.20.0.254:,Bytes=32,3,TTL=255
Antwort,von,172.20.0.254:,Bytes=32,3,TTL=255
Antwort,von,172.20.0.254:,Bytes=32,3,TTL=255
Antwort,von,172.20.0.254:,Bytes=32,2,TTL=255
Antwort,von,172.20.0.254:,Bytes=32,3,TTL=255
Antwort,von,172.20.0.254:,Bytes=32,3,TTL=255