Antwort,von,2.17.100.152:,Bytes=32,10,TTL=56
Antwort,von,2.17.100.152:,Bytes=32,10,TTL=56
Antwort,von,2.17.100.152:,Bytes=32,11,TTL=56
Antwort,von,2.17.100.152:,Bytes=32,10,TTL=56
Antwort,von,2.17.100.152:,Bytes=32,10,TTL=56
Antwort,von,2.17.100.152:,Bytes=32,9,TTL=56
Antwort,von,2.17.100.152:,Bytes=32,10,TTL=56
Antwort,von,2.17.100.152:,Bytes=32,10,TTL=56
Antwort,von,2.17.100.152:,Bytes=32,10,TTL=56
Antwort,von,2.17.100.152:,Bytes=32,9,TTL=56
Antwort,von,2.17.100.152:,Bytes=32,10,TTL=56
Antwort,von,2.17.100.152:,Bytes=32,10,TTL=56
Antwort,von,2.17.100.152:,Bytes=32,9,TTL=56
Antwort,von,2.17.100.152:,Bytes=32,10,TTL=56
Antwort,von,2.17.100.152:,Bytes=32,11,TTL=56
Antwort,von,2.17.100.152:,Bytes=32,10,TTL=56
Antwort,von,2.17.100.152:,Bytes=32,10,TTL=56
Antwort,von,2.17.100.152:,Bytes=32,10,TTL=56
Antwort,von,2.17.100.152:,Bytes=32,10,TTL=56
Antwort,von,2.17.100.152:,Bytes=32,9,TTL=56
Antwort,von,2.17.100.152:,Bytes=32,10,TTL=56
Antwort,von,2.17.100.152:,Bytes=32,10,TTL=56
Antwort,von,2.17.100.152:,Bytes=32,10,TTL=56
Antwort,von,2.17.100.152:,Bytes=32,10,TTL=56
Antwort,von,2.17.100.152:,Bytes=32,10,TTL=56
Antwort,von,2.17.100.152:,Bytes=32,11,TTL=56
Antwort,von,2.17.100.152:,Bytes=32,10,TTL=56
Antwort,von,2.17.100.152:,Bytes=32,10,TTL=56
Antwort,von,2.17.100.152:,Bytes=32,10,TTL=56
Antwort,von,2.17.100.152:,Bytes=32,10,TTL=56
Antwort,von,2.17.100.152:,Bytes=32,9,TTL=56
Antwort,von,2.17.100.152:,Bytes=32,10,TTL=56
Antwort,von,2.17.100.152:,Bytes=32,9,TTL=56
Antwort,von,2.17.100.152:,Bytes=32,11,TTL=56
Antwort,von,2.17.100.152:,Bytes=32,10,TTL=56
Antwort,von,2.17.100.152:,Bytes=32,10,TTL=56
Antwort,von,2.17.100.152:,Bytes=32,10,TTL=56
Antwort,von,2.17.100.152:,Bytes=32,10,TTL=56
Antwort,von,2.17.100.152:,Bytes=32,10,TTL=56
Antwort,von,2.17.100.152:,Bytes=32,10,TTL=56
Antwort,von,2.17.100.152:,Bytes=32,10,TTL=56
Antwort,von,2.17.100.152:,Bytes=32,10,TTL=56
Antwort,von,2.17.100.152:,Bytes=32,11,TTL=56
Antwort,von,2.17.100.152:,Bytes=32,10,TTL=56
Antwort,von,2.17.100.152:,Bytes=32,10,TTL=56
Antwort,von,2.17.100.152:,Bytes=32,10,TTL=56
Antwort,von,2.17.100.152:,Bytes=32,10,TTL=56
Antwort,von,2.17.100.152:,Bytes=32,10,TTL=56
Antwort,von,2.17.100.152:,Bytes=32,10,TTL=56
Antwort,von,2.17.100.152:,Bytes=32,10,TTL=56
Antwort,von,2.17.100.152:,Bytes=32,12,TTL=56
Antwort,von,2.17.100.152:,Bytes=32,10,TTL=56
Antwort,von,2.17.100.152:,Bytes=32,10,TTL=56
Antwort,von,2.17.100.152:,Bytes=32,10,TTL=56
Antwort,von,2.17.100.152:,Bytes=32,9,TTL=56
Antwort,von,2.17.100.152:,Bytes=32,10,TTL=56
Antwort,von,2.17.100.152:,Bytes=32,10,TTL=56
Antwort,von,2.17.100.152:,Bytes=32,10,TTL=56
Antwort,von,2.17.100.152:,Bytes=32,11,TTL=56
Antwort,von,2.17.100.152:,Bytes=32,10,TTL=56
Antwort,von,2.17.100.152:,Bytes=32,10,TTL=56
Antwort,von,2.17.100.152:,Bytes=32,10,TTL=56
Antwort,von,2.17.100.152:,Bytes=32,10,TTL=56
Antwort,von,2.17.100.152:,Bytes=32,10,TTL=56
Antwort,von,2.17.100.152:,Bytes=32,10,TTL=56
Antwort,von,2.17.100.152:,Bytes=32,10,TTL=56
Antwort,von,2.17.100.152:,Bytes=32,13,TTL=56
Antwort,von,2.17.100.152:,Bytes=32,10,TTL=56
Antwort,von,2.17.100.152:,Bytes=32,10,TTL=56
Antwort,von,2.17.100.152:,Bytes=32,11,TTL=56
Antwort,von,2.17.100.152:,Bytes=32,10,TTL=56
Antwort,von,2.17.100.152:,Bytes=32,9,TTL=56
Antwort,von,2.17.100.152:,Bytes=32,10,TTL=56
Antwort,von,2.17.100.152:,Bytes=32,9,TTL=56
Antwort,von,2.17.100.152:,Bytes=32,10,TTL=56
Antwort,von,2.17.100.152:,Bytes=32,11,TTL=56
Antwort,von,2.17.100.152:,Bytes=32,10,TTL=56
Antwort,von,2.17.100.152:,Bytes=32,10,TTL=56
Antwort,von,2.17.100.152:,Bytes=32,11,TTL=56
Antwort,von,2.17.100.152:,Bytes=32,12,TTL=56
Antwort,von,2.17.100.152:,Bytes=32,10,TTL=56
Antwort,von,2.17.100.152:,Bytes=32,10,TTL=56
Antwort,von,2.17.100.152:,Bytes=32,10,TTL=56
Antwort,von,2.17.100.152:,Bytes=32,10,TTL=56
Antwort,von,2.17.100.152:,Bytes=32,10,TTL=56
Antwort,von,2.17.100.152:,Bytes=32,10,TTL=56
Antwort,von,2.17.100.152:,Bytes=32,10,TTL=56
Antwort,von,2.17.100.152:,Bytes=32,9,TTL=56
Antwort,von,2.17.100.152:,Bytes=32,10,TTL=56
Antwort,von,2.17.100.152:,Bytes=32,9,TTL=56
Antwort,von,2.17.100.152:,Bytes=32,9,TTL=56
Antwort,von,2.17.100.152:,Bytes=32,9,TTL=56
Antwort,von,2.17.100.152:,Bytes=32,10,TTL=56
Antwort,von,2.17.100.152:,Bytes=32,10,TTL=56
Antwort,von,2.17.100.152:,Bytes=32,10,TTL=56
Antwort,von,2.17.100.152:,Bytes=32,10,TTL=56
Antwort,von,2.17.100.152:,Bytes=32,10,TTL=56
Antwort,von,2.17.100.152:,Bytes=32,11,TTL=56
Antwort,von,2.17.100.152:,Bytes=32,12,TTL=56
Antwort,von,2.17.100.152:,Bytes=32,9,TTL=56