Antwort,von,142.250.185.99:,Bytes=32,10,TTL=56
Antwort,von,142.250.185.99:,Bytes=32,11,TTL=56
Antwort,von,142.250.185.99:,Bytes=32,11,TTL=56
Antwort,von,142.250.185.99:,Bytes=32,11,TTL=56
Antwort,von,142.250.185.99:,Bytes=32,11,TTL=56
Antwort,von,142.250.185.99:,Bytes=32,11,TTL=56
Antwort,von,142.250.185.99:,Bytes=32,10,TTL=56
Antwort,von,142.250.185.99:,Bytes=32,10,TTL=56
Antwort,von,142.250.185.99:,Bytes=32,10,TTL=56
Antwort,von,142.250.185.99:,Bytes=32,11,TTL=56
Antwort,von,142.250.185.99:,Bytes=32,10,TTL=56
Antwort,von,142.250.185.99:,Bytes=32,9,TTL=56
Antwort,von,142.250.185.99:,Bytes=32,11,TTL=56
Antwort,von,142.250.185.99:,Bytes=32,11,TTL=56
Antwort,von,142.250.185.99:,Bytes=32,10,TTL=56
Antwort,von,142.250.185.99:,Bytes=32,12,TTL=56
Antwort,von,142.250.185.99:,Bytes=32,11,TTL=56
Antwort,von,142.250.185.99:,Bytes=32,10,TTL=56
Antwort,von,142.250.185.99:,Bytes=32,10,TTL=56
Antwort,von,142.250.185.99:,Bytes=32,11,TTL=56
Antwort,von,142.250.185.99:,Bytes=32,12,TTL=56
Antwort,von,142.250.185.99:,Bytes=32,10,TTL=56
Antwort,von,142.250.185.99:,Bytes=32,10,TTL=56
Antwort,von,142.250.185.99:,Bytes=32,12,TTL=56
Antwort,von,142.250.185.99:,Bytes=32,13,TTL=56
Antwort,von,142.250.185.99:,Bytes=32,11,TTL=56
Antwort,von,142.250.185.99:,Bytes=32,11,TTL=56
Antwort,von,142.250.185.99:,Bytes=32,11,TTL=56
Antwort,von,142.250.185.99:,Bytes=32,10,TTL=56
Antwort,von,142.250.185.99:,Bytes=32,10,TTL=56
Antwort,von,142.250.185.99:,Bytes=32,10,TTL=56
Antwort,von,142.250.185.99:,Bytes=32,10,TTL=56
Antwort,von,142.250.185.99:,Bytes=32,10,TTL=56
Antwort,von,142.250.185.99:,Bytes=32,10,TTL=56
Antwort,von,142.250.185.99:,Bytes=32,10,TTL=56
Antwort,von,142.250.185.99:,Bytes=32,11,TTL=56
Antwort,von,142.250.185.99:,Bytes=32,11,TTL=56
Antwort,von,142.250.185.99:,Bytes=32,11,TTL=56
Antwort,von,142.250.185.99:,Bytes=32,10,TTL=56
Antwort,von,142.250.185.99:,Bytes=32,10,TTL=56
Antwort,von,142.250.185.99:,Bytes=32,10,TTL=56
Antwort,von,142.250.185.99:,Bytes=32,12,TTL=56
Antwort,von,142.250.185.99:,Bytes=32,10,TTL=56
Antwort,von,142.250.185.99:,Bytes=32,10,TTL=56
Antwort,von,142.250.185.99:,Bytes=32,10,TTL=56
Antwort,von,142.250.185.99:,Bytes=32,10,TTL=56
Antwort,von,142.250.185.99:,Bytes=32,10,TTL=56
Antwort,von,142.250.185.99:,Bytes=32,10,TTL=56
Antwort,von,142.250.185.99:,Bytes=32,10,TTL=56
Antwort,von,142.250.185.99:,Bytes=32,10,TTL=56
Antwort,von,142.250.185.99:,Bytes=32,10,TTL=56
Antwort,von,142.250.185.99:,Bytes=32,10,TTL=56
Antwort,von,142.250.185.99:,Bytes=32,10,TTL=56
Antwort,von,142.250.185.99:,Bytes=32,11,TTL=56
Antwort,von,142.250.185.99:,Bytes=32,10,TTL=56
Antwort,von,142.250.185.99:,Bytes=32,10,TTL=56
Antwort,von,142.250.185.99:,Bytes=32,11,TTL=56
Antwort,von,142.250.185.99:,Bytes=32,16,TTL=56
Antwort,von,142.250.185.99:,Bytes=32,9,TTL=56
Antwort,von,142.250.185.99:,Bytes=32,10,TTL=56
Antwort,von,142.250.185.99:,Bytes=32,11,TTL=56
Antwort,von,142.250.185.99:,Bytes=32,9,TTL=56
Antwort,von,142.250.185.99:,Bytes=32,10,TTL=56
Antwort,von,142.250.185.99:,Bytes=32,11,TTL=56
Antwort,von,142.250.185.99:,Bytes=32,10,TTL=56
Antwort,von,142.250.185.99:,Bytes=32,10,TTL=56
Antwort,von,142.250.185.99:,Bytes=32,10,TTL=56
Antwort,von,142.250.185.99:,Bytes=32,19,TTL=56
Antwort,von,142.250.185.99:,Bytes=32,10,TTL=56
Antwort,von,142.250.185.99:,Bytes=32,10,TTL=56
Antwort,von,142.250.185.99:,Bytes=32,11,TTL=56
Antwort,von,142.250.185.99:,Bytes=32,11,TTL=56
Antwort,von,142.250.185.99:,Bytes=32,10,TTL=56
Antwort,von,142.250.185.99:,Bytes=32,10,TTL=56
Antwort,von,142.250.185.99:,Bytes=32,10,TTL=56
Antwort,von,142.250.185.99:,Bytes=32,10,TTL=56
Antwort,von,142.250.185.99:,Bytes=32,10,TTL=56
Antwort,von,142.250.185.99:,Bytes=32,10,TTL=56
Antwort,von,142.250.185.99:,Bytes=32,10,TTL=56
Antwort,von,142.250.185.99:,Bytes=32,11,TTL=56
Antwort,von,142.250.185.99:,Bytes=32,10,TTL=56
Antwort,von,142.250.185.99:,Bytes=32,9,TTL=56
Antwort,von,142.250.185.99:,Bytes=32,11,TTL=56
Antwort,von,142.250.185.99:,Bytes=32,10,TTL=56
Antwort,von,142.250.185.99:,Bytes=32,10,TTL=56
Antwort,von,142.250.185.99:,Bytes=32,14,TTL=56
Antwort,von,142.250.185.99:,Bytes=32,10,TTL=56
Antwort,von,142.250.185.99:,Bytes=32,10,TTL=56
Antwort,von,142.250.185.99:,Bytes=32,11,TTL=56
Antwort,von,142.250.185.99:,Bytes=32,11,TTL=56
Antwort,von,142.250.185.99:,Bytes=32,9,TTL=56
Antwort,von,142.250.185.99:,Bytes=32,10,TTL=56
Antwort,von,142.250.185.99:,Bytes=32,11,TTL=56
Antwort,von,142.250.185.99:,Bytes=32,10,TTL=56
Antwort,von,142.250.185.99:,Bytes=32,10,TTL=56
Antwort,von,142.250.185.99:,Bytes=32,11,TTL=56
Antwort,von,142.250.185.99:,Bytes=32,10,TTL=56
Antwort,von,142.250.185.99:,Bytes=32,10,TTL=56
Antwort,von,142.250.185.99:,Bytes=32,10,TTL=56
Antwort,von,142.250.185.99:,Bytes=32,9,TTL=56